Time (h),Sample,Rep #,OD600 nm
0.0,Strain_A,1,0.027
0.5,Strain_A,1,0.009
1.0,Strain_A,1,0.026
1.5,Strain_A,1,0.034
2.0,Strain_A,1,0.066
2.5,Strain_A,1,0.079
3.0,Strain_A,1,0.107
3.5,Strain_A,1,0.098
4.0,Strain_A,1,0.14
4.5,Strain_A,1,0.159
5.0,Strain_A,1,
5.5,Strain_A,1,0.267
6.0,Strain_A,1,0.304
6.5,Strain_A,1,0.373
7.0,Strain_A,1,0.459
7.5,Strain_A,1,0.527
8.0,Strain_A,1,0.589
8.5,Strain_A,1,0.678
9.0,Strain_A,1,0.759
9.5,Strain_A,1,0.795
10.0,Strain_A,1,0.89
10.5,Strain_A,1,0.941
11.0,Strain_A,1,0.975
11.5,Strain_A,1,1.009
12.0,Strain_A,1,1.075
12.5,Strain_A,1,1.079
13.0,Strain_A,1,1.093
13.5,Strain_A,1,1.112
14.0,Strain_A,1,1.157
14.5,Strain_A,1,1.159
15.0,Strain_A,1,1.177
15.5,Strain_A,1,1.182
16.0,Strain_A,1,1.18
16.5,Strain_A,1,1.202
17.0,Strain_A,1,1.182
17.5,Strain_A,1,1.192
18.0,Strain_A,1,1.205
18.5,Strain_A,1,1.198
19.0,Strain_A,1,1.21
19.5,Strain_A,1,1.199
20.0,Strain_A,1,1.205
20.5,Strain_A,1,1.18
21.0,Strain_A,1,1.187
21.5,Strain_A,1,1.19
22.0,Strain_A,1,1.182
22.5,Strain_A,1,1.188
23.0,Strain_A,1,1.183
23.5,Strain_A,1,1.191
24.0,Strain_A,1,1.205
0.0,strain_a ,2,0.016
0.5,strain_a ,2,0.022
1.0,strain_a ,2,0.024
1.5,strain_a ,2,0.035
2.0,strain_a ,2,0.074
2.5,strain_a ,2,0.078
3.0,strain_a ,2,0.095
3.5,strain_a ,2,0.101
4.0,strain_a ,2,0.152
4.5,strain_a ,2,0.164
5.0,strain_a ,2,0.214
5.5,strain_a ,2,0.287
6.0,strain_a ,2,0.328
6.5,strain_a ,2,0.387
7.0,strain_a ,2,0.46
7.5,strain_a ,2,0.539
8.0,strain_a ,2,0.611
8.5,strain_a ,2,0.664
9.0,strain_a ,2,0.728
9.5,strain_a ,2,0.808
10.0,strain_a ,2,0.868
10.5,strain_a ,2,0.921
11.0,strain_a ,2,0.999
11.5,strain_a ,2,1.037
12.0,strain_a ,2,1.05
12.5,strain_a ,2,1.092
13.0,strain_a ,2,1.105
13.5,strain_a ,2,1.144
14.0,strain_a ,2,1.141
14.5,strain_a ,2,1.146
15.0,strain_a ,2,1.155
15.5,strain_a ,2,1.175
16.0,strain_a ,2,1.169
16.5,strain_a ,2,1.187
17.0,strain_a ,2,1.203
17.5,strain_a ,2,1.186
18.0,strain_a ,2,1.181
18.5,strain_a ,2,1.214
19.0,strain_a ,2,1.195
19.5,strain_a ,2,1.18
20.0,strain_a ,2,1.179
20.5,strain_a ,2,1.182
21.0,strain_a ,2,1.203
21.5,strain_a ,2,1.21
22.0,strain_a ,2,1.196
22.5,strain_a ,2,1.182
23.0,strain_a ,2,1.195
23.5,strain_a ,2,1.219
24.0,strain_a ,2,1.201
0.0,STRAIN_A,3,0.04
0.5,STRAIN_A,3,0.042
1.0,STRAIN_A,3,0.016
1.5,STRAIN_A,3,0.054
2.0,STRAIN_A,3,0.064
2.5,STRAIN_A,3,0.074
3.0,STRAIN_A,3,0.082
3.5,STRAIN_A,3,0.12
4.0,STRAIN_A,3,0.128
4.5,STRAIN_A,3,0.175
5.0,STRAIN_A,3,0.217
5.5,STRAIN_A,3,0.285
6.0,STRAIN_A,3,0.338
6.5,STRAIN_A,3,0.376
7.0,STRAIN_A,3,0.453
7.5,STRAIN_A,3,0.513
8.0,STRAIN_A,3,0.617
8.5,STRAIN_A,3,0.689
9.0,STRAIN_A,3,0.739
9.5,STRAIN_A,3,0.821
10.0,STRAIN_A,3,0.882
10.5,STRAIN_A,3,0.919
11.0,STRAIN_A,3,0.992
11.5,STRAIN_A,3,1.024
12.0,STRAIN_A,3,1.068
12.5,STRAIN_A,3,1.087
13.0,STRAIN_A,3,1.089
13.5,STRAIN_A,3,1.121
14.0,STRAIN_A,3,1.124
14.5,STRAIN_A,3,1.172
15.0,STRAIN_A,3,1.18
15.5,STRAIN_A,3,1.186
16.0,STRAIN_A,3,1.171
16.5,STRAIN_A,3,1.165
17.0,STRAIN_A,3,1.202
17.5,STRAIN_A,3,1.208
18.0,STRAIN_A,3,1.175
18.5,STRAIN_A,3,1.193
19.0,STRAIN_A,3,1.178
19.5,STRAIN_A,3,1.207
20.0,STRAIN_A,3,1.208
20.5,STRAIN_A,3,1.183
21.0,STRAIN_A,3,1.197
21.5,STRAIN_A,3,1.201
22.0,STRAIN_A,3,1.19
22.5,STRAIN_A,3,1.214
23.0,STRAIN_A,3,1.196
23.5,STRAIN_A,3,1.188
24.0,STRAIN_A,3,1.201
0.0,Strain_B,1,0.027
0.5,Strain_B,1,0.01
1.0,Strain_B,1,0.019
1.5,Strain_B,1,0.052
2.0,Strain_B,1,0.045
2.5,Strain_B,1,0.045
3.0,Strain_B,1,0.058
3.5,Strain_B,1,0.054
4.0,Strain_B,1,0.072
4.5,Strain_B,1,0.093
5.0,Strain_B,1,0.123
5.5,Strain_B,1,0.131
6.0,Strain_B,1,0.157
6.5,Strain_B,1,0.181
7.0,Strain_B,1,0.237
7.5,Strain_B,1,0.258
8.0,Strain_B,1,0.326
8.5,Strain_B,1,0.369
9.0,Strain_B,1,0.384
9.5,Strain_B,1,0.44
10.0,Strain_B,1,0.507
10.5,Strain_B,1,0.538
11.0,Strain_B,1,0.584
11.5,Strain_B,1,0.663
12.0,Strain_B,1,0.693
12.5,Strain_B,1,0.73
13.0,Strain_B,1,0.78
13.5,Strain_B,1,0.814
14.0,Strain_B,1,0.82
14.5,Strain_B,1,0.842
15.0,Strain_B,1,0.878
15.5,Strain_B,1,0.897
16.0,Strain_B,1,0.916
16.5,Strain_B,1,0.94
17.0,Strain_B,1,0.95
17.5,Strain_B,1,0.972
18.0,Strain_B,1,0.945
18.5,Strain_B,1,0.964
19.0,Strain_B,1,0.967
19.5,Strain_B,1,0.993
20.0,Strain_B,1,0.972
20.5,Strain_B,1,0.973
21.0,Strain_B,1,0.986
21.5,Strain_B,1,0.987
22.0,Strain_B,1,0.983
22.5,Strain_B,1,0.983
23.0,Strain_B,1,1.011
23.5,Strain_B,1,0.993
24.0,Strain_B,1,1.011
0.0, strain_b,2,0.02
0.5, strain_b,2,0.004
1.0, strain_b,2,0.047
1.5, strain_b,2,0.046
2.0, strain_b,2,N/A
2.5, strain_b,2,0.064
3.0, strain_b,2,0.071
3.5, strain_b,2,0.056
4.0, strain_b,2,0.083
4.5, strain_b,2,0.088
5.0, strain_b,2,0.115
5.5, strain_b,2,0.124
6.0, strain_b,2,0.163
6.5, strain_b,2,0.217
7.0, strain_b,2,0.222
7.5, strain_b,2,0.28
8.0, strain_b,2,0.308
8.5, strain_b,2,0.351
9.0, strain_b,2,0.42
9.5, strain_b,2,0.47
10.0, strain_b,2,0.502
10.5, strain_b,2,0.559
11.0, strain_b,2,0.585
11.5, strain_b,2,0.638
12.0, strain_b,2,0.709
12.5, strain_b,2,0.734
13.0, strain_b,2,0.77
13.5, strain_b,2,0.812
14.0, strain_b,2,0.814
14.5, strain_b,2,0.862
15.0, strain_b,2,0.881
15.5, strain_b,2,0.914
16.0, strain_b,2,0.903
16.5, strain_b,2,0.949
17.0, strain_b,2,0.926
17.5, strain_b,2,0.94
18.0, strain_b,2,0.965
18.5, strain_b,2,0.975
19.0, strain_b,2,0.963
19.5, strain_b,2,0.963
20.0, strain_b,2,0.998
20.5, strain_b,2,0.975
21.0, strain_b,2,0.992
21.5, strain_b,2,0.995
22.0, strain_b,2,0.989
22.5, strain_b,2,0.997
23.0, strain_b,2,0.995
23.5, strain_b,2,1.013
24.0, strain_b,2,0.984
0.0,Strain_B,3,0.027
0.5,Strain_B,3,0.011
1.0,Strain_B,3,0.022
1.5,Strain_B,3,0.039
2.0,Strain_B,3,0.031
2.5,Strain_B,3,0.04
3.0,Strain_B,3,0.067
3.5,Strain_B,3,0.052
4.0,Strain_B,3,0.082
4.5,Strain_B,3,0.12
5.0,Strain_B,3,0.139
5.5,Strain_B,3,0.125
6.0,Strain_B,3,0.157
6.5,Strain_B,3,0.188
7.0,Strain_B,3,0.249
7.5,Strain_B,3,0.284
8.0,Strain_B,3,0.325
8.5,Strain_B,3,0.349
9.0,Strain_B,3,0.388
9.5,Strain_B,3,0.464
10.0,Strain_B,3,0.508
10.5,Strain_B,3,0.554
11.0,Strain_B,3,0.618
11.5,Strain_B,3,0.652
12.0,Strain_B,3,0.67
12.5,Strain_B,3,0.744
13.0,Strain_B,3,0.76
13.5,Strain_B,3,0.809
14.0,Strain_B,3,0.85
14.5,Strain_B,3,0.844
15.0,Strain_B,3,0.865
15.5,Strain_B,3,0.885
16.0,Strain_B,3,0.919
16.5,Strain_B,3,0.922
17.0,Strain_B,3,0.947
17.5,Strain_B,3,0.961
18.0,Strain_B,3,0.949
18.5,Strain_B,3,0.973
19.0,Strain_B,3,0.964
19.5,Strain_B,3,0.978
20.0,Strain_B,3,0.998
20.5,Strain_B,3,0.999
21.0,Strain_B,3,0.972
21.5,Strain_B,3,0.987
22.0,Strain_B,3,0.983
22.5,Strain_B,3,0.973
23.0,Strain_B,3,1.005
23.5,Strain_B,3,1.001
24.0,Strain_B,3,0.987
0.0,Strain_C,1,0.031
0.5,Strain_C,1,0.027
1.0,Strain_C,1,0.026
1.5,Strain_C,1,0.013
2.0,Strain_C,1,0.021
2.5,Strain_C,1,0.059
3.0,Strain_C,1,0.067
3.5,Strain_C,1,0.06
4.0,Strain_C,1,0.08
4.5,Strain_C,1,0.08
5.0,Strain_C,1,0.073
5.5,Strain_C,1,0.085
6.0,Strain_C,1,0.106
6.5,Strain_C,1,0.145
7.0,Strain_C,1,0.158
7.5,Strain_C,1,0.179
8.0,Strain_C,1,0.201
8.5,Strain_C,1,0.196
9.0,Strain_C,1,0.221
9.5,Strain_C,1,0.241
10.0,Strain_C,1,0.295
10.5,Strain_C,1,0.327
11.0,Strain_C,1,0.337
11.5,Strain_C,1,0.375
12.0,Strain_C,1,0.386
12.5,Strain_C,1,0.447
13.0,Strain_C,1,0.474
13.5,Strain_C,1,0.508
14.0,Strain_C,1,0.529
14.5,Strain_C,1,0.559
15.0,Strain_C,1,0.55
15.5,Strain_C,1,0.602
16.0,Strain_C,1,0.608
16.5,Strain_C,1,0.653
17.0,Strain_C,1,0.666
17.5,Strain_C,1,0.686
18.0,Strain_C,1,0.699
18.5,Strain_C,1,0.691
19.0,Strain_C,1,0.724
19.5,Strain_C,1,0.708
20.0,Strain_C,1,0.748
20.5,Strain_C,1,0.756
21.0,Strain_C,1,0.739
21.5,Strain_C,1,0.769
22.0,Strain_C,1,0.76
22.5,Strain_C,1,0.759
23.0,Strain_C,1,0.783
23.5,Strain_C,1,0.764
24.0,Strain_C,1,0.76
0.0,STRAIN_C,2,0.009
0.5,STRAIN_C,2,0.018
1.0,STRAIN_C,2,0.043
1.5,STRAIN_C,2,0.052
2.0,STRAIN_C,2,0.029
2.5,STRAIN_C,2,0.049
3.0,STRAIN_C,2,0.046
3.5,STRAIN_C,2,0.077
4.0,STRAIN_C,2,0.068
4.5,STRAIN_C,2,0.094
5.0,STRAIN_C,2,0.072
5.5,STRAIN_C,2,0.118
6.0,STRAIN_C,2,0.101
6.5,STRAIN_C,2,0.147
7.0,STRAIN_C,2,0.137
7.5,STRAIN_C,2,0.149
8.0,STRAIN_C,2,0.183
8.5,STRAIN_C,2,0.217
9.0,STRAIN_C,2,0.224
9.5,STRAIN_C,2,0.261
10.0,STRAIN_C,2,0.284
10.5,STRAIN_C,2,0.307
11.0,STRAIN_C,2,0.344
11.5,STRAIN_C,2,0.36
12.0,STRAIN_C,2,0.408
12.5,STRAIN_C,2,0.41
13.0,STRAIN_C,2,0.477
13.5,STRAIN_C,2,0.49
14.0,STRAIN_C,2,0.525
14.5,STRAIN_C,2,0.553
15.0,STRAIN_C,2,0.576
15.5,STRAIN_C,2,0.587
16.0,STRAIN_C,2,0.598
16.5,STRAIN_C,2,0.642
17.0,STRAIN_C,2,0.647
17.5,STRAIN_C,2,0.664
18.0,STRAIN_C,2,0.7
18.5,STRAIN_C,2,0.709
19.0,STRAIN_C,2,0.705
19.5,STRAIN_C,2,0.716
20.0,STRAIN_C,2,0.73
20.5,STRAIN_C,2,0.738
21.0,STRAIN_C,2,0.741
21.5,STRAIN_C,2,0.741
22.0,STRAIN_C,2,0.759
22.5,STRAIN_C,2,0.785
23.0,STRAIN_C,2,0.779
23.5,STRAIN_C,2,0.791
24.0,STRAIN_C,2,0.783
0.0,strain_c,3,0.013
0.5,strain_c,3,0.027
1.0,strain_c,3,0.008
1.5,strain_c,3,0.024
2.0,strain_c,3,0.035
2.5,strain_c,3,0.047
3.0,strain_c,3,0.057
3.5,strain_c,3,0.057
4.0,strain_c,3,0.064
4.5,strain_c,3,0.065
5.0,strain_c,3,0.086
5.5,strain_c,3,0.116
6.0,strain_c,3,0.125
6.5,strain_c,3,0.116
7.0,strain_c,3,0.129
7.5,strain_c,3,0.165
8.0,strain_c,3,0.19
8.5,strain_c,3,0.201
9.0,strain_c,3,0.244
9.5,strain_c,3,0.267
10.0,strain_c,3,0.29
10.5,strain_c,3,0.3
11.0,strain_c,3,0.328
11.5,strain_c,3,0.351
12.0,strain_c,3,0.39
12.5,strain_c,3,0.429
13.0,strain_c,3,0.474
13.5,strain_c,3,0.471
14.0,strain_c,3,0.513
14.5,strain_c,3,0.549
15.0,strain_c,3,0.557
15.5,strain_c,3,0.6
16.0,strain_c,3,0.615
16.5,strain_c,3,0.625
17.0,strain_c,3,0.66
17.5,strain_c,3,0.651
18.0,strain_c,3,0.697
18.5,strain_c,3,0.711
19.0,strain_c,3,0.697
19.5,strain_c,3,0.721
20.0,strain_c,3,0.72
20.5,strain_c,3,0.76
21.0,strain_c,3,0.75
21.5,strain_c,3,0.738
22.0,strain_c,3,0.752
22.5,strain_c,3,0.781
23.0,strain_c,3,0.77
23.5,strain_c,3,0.787
24.0,strain_c,3,0.785
